0,1,2,3,4,5,6,7,8
0.0,0.3090169943749474,-0.9510565162951535,0.1,0.1,0.3090169943749474,-1.9510565162951536,0.1,0.1
0.03333333333333333,0.306047307146857,-0.9520163054213711,0.1,0.1,0.3104979641629296,-1.9520064011983869,0.1,0.1
0.06666666666666667,0.29716067016085973,-0.9548274902355653,0.1,0.1,0.31488172544924675,-1.9546704600060518,0.1,0.1
0.1,0.2762744278118699,-0.9610787899736545,0.1,0.1,0.32487327162050034,-1.9598971680486998,0.1,0.1
0.13333333333333333,0.254148185547208,-0.9671652908283371,0.1,0.1,0.33490740189035384,-1.9638989307621166,0.1,0.1
0.16666666666666666,0.22704382313300295,-0.9738845426317997,0.1,0.1,0.3462737546346275,-1.9667512121469557,0.1,0.1
0.2,0.18472950123313966,-0.9827894033688781,0.1,0.1,0.3614749506525204,-1.9670459990336169,0.1,0.1
0.23333333333333334,0.15003827774523257,-0.9886801885398758,0.1,0.1,0.3710035043753094,-1.9639618753464716,0.1,0.1
0.26666666666666666,0.11449751841960669,-0.9934235341865784,0.1,0.1,0.3772450989329143,-1.9582881407166361,0.1,0.1
0.3,0.06828085685455165,-0.9976661388396462,0.1,0.1,0.3783635386407036,-1.9483757319627555,0.1,0.1
0.3333333333333333,0.03598517643799897,-0.9993523237961305,0.1,0.1,0.3728210065266153,-1.9409157170780236,0.1,0.1
0.36666666666666664,0.006611763578304469,-0.9999781420523074,0.1,0.1,0.36142787662178977,-1.9349142499894822,0.1,0.1
0.4,-0.027122569433217104,-0.999632115444147,0.1,0.1,0.3370192516646167,-1.9309756257171038,0.1,0.1
0.43333333333333335,-0.04790215863315256,-0.9988520326846636,0.1,0.1,0.3118450334422664,-1.9319018479645615,0.1,0.1
0.4666666666666667,-0.06451917496014872,-0.9979164674773444,0.1,0.1,0.2808359216019989,-1.9363885540513404,0.1,0.1
0.5,-0.07983503478728335,-0.9968080894638212,0.1,0.1,0.23045040482925686,-1.9474515273320738,0.1,0.1
0.5333333333333333,-0.08597261504397961,-0.9962975004799017,0.1,0.1,0.1859075563580288,-1.9586286141816331,0.1,0.1
0.5666666666666667,-0.0874294039799496,-0.9961707179593821,0.1,0.1,0.13568502796745624,-1.970962978011126,0.1,0.1
0.6,-0.08227772874981366,-0.9966094397264016,0.1,0.1,0.0604888501050546,-1.9863658258952794,0.1,0.1
0.6333333333333333,-0.073661681901082,-0.9972832880478364,0.1,0.1,-0.0010497169170852472,-1.9946435552237265,0.1,0.1
0.6666666666666666,-0.06198279769377864,-0.9980772178494268,0.1,0.1,-0.06540446802863331,-1.9980713639183523,0.1,0.1
0.7,-0.04411078315956687,-0.9990266456952235,0.1,0.1,-0.1519725450685348,-1.9931925475033136,0.1,0.1
0.7333333333333333,-0.031118783805689162,-0.9995156933707718,0.1,0.1,-0.2144618578253231,-1.982564683609321,0.1,0.1
0.7666666666666666,-0.02011840634149801,-0.999797604381146,0.1,0.1,-0.2726457523798339,-1.9673873622345632,0.1,0.1
0.8,-0.010239494463878406,-0.999947575002372,0.1,0.1,-0.3413585321573017,-1.9435365654409957,0.1,0.1
0.8333333333333334,-0.0070655525089002875,-0.9999750386723381,0.1,0.1,-0.38548194122804663,-1.925610515924998,0.1,0.1
0.8666666666666667,-0.007688568683890591,-0.9999704425189742,0.1,0.1,-0.42309498165058207,-1.9096063653288349,0.1,0.1
0.9,-0.014331934192574372,-0.9998972925567404,0.1,0.1,-0.46325489790885327,-1.893467755725814,0.1,0.1
0.9333333333333333,-0.02350114281479605,-0.999723810002742,0.1,0.1,-0.486033463461493,-1.8863262306836135,0.1,0.1
0.9666666666666667,-0.03608451815685443,-0.9993487417060111,0.1,0.1,-0.5025948410446055,-1.8838644954601012,0.1,0.1
1.0,-0.057890239884271034,-0.9983229538211278,0.1,0.1,-0.5149646628372724,-1.887751406189378,0.1,0.1
1.0333333333333332,-0.07777119121352355,-0.9969712341974715,0.1,0.1,-0.5168333243752772,-1.8954279350036096,0.1,0.1
1.0666666666666667,-0.10845695499256364,-0.9941011462189051,0.1,0.1,-0.5092525192646148,-1.9102686612836166,0.1,0.1
1.1,-0.13400439257471905,-0.9909807378403884,0.1,0.1,-0.49605337564894014,-1.923139808951603,0.1,0.1
1.1333333333333333,-0.16089257019452297,-0.9869719250597762,0.1,0.1,-0.47679324081315855,-1.935764192261979,0.1,0.1
1.1666666666666667,-0.19689303975140923,-0.9804249746397987,0.1,0.1,-0.44317792193115146,-1.9496224554504489,0.1,0.1
1.2,-0.22221054249158873,-0.9749987050276497,0.1,0.1,-0.4137955769617989,-1.9564747233628144,0.1,0.1
1.2333333333333334,-0.24451375805260356,-0.9696458230317877,0.1,0.1,-0.38269393033747434,-1.960052931238975,0.1,0.1
1.2666666666666666,-0.26758042768291873,-0.9635355285203687,0.1,0.1,-0.3413028224910742,-1.9608143303124004,0.1,0.1
1.3,-0.2788887140824995,-0.9603234273709091,0.1,0.1,-0.3119327725654537,-1.959777323355599,0.1,0.1
1.3333333333333333,-0.2845999163998548,-0.9586463829719464,0.1,0.1,-0.2849297051173184,-1.9586463285916458,0.1,0.1
1.3666666666666667,-0.28322014605255663,-0.959054924845271,0.1,0.1,-0.2534468660117276,-1.9586116024757145,0.1,0.1
1.4,-0.2753852775887166,-0.9613339424400792,0.1,0.1,-0.23357102250751294,-1.9604593440148785,0.1,0.1
1.4333333333333333,-0.2617536674985824,-0.9651347147165734,0.1,0.1,-0.21703148835142813,-1.9641341775254029,0.1,0.1
1.4666666666666666,-0.2347328225788724,-0.9720599271671246,0.1,0.1,-0.20015073416806198,-1.9714617878623841,0.1,0.1
1.5,-0.20810913344958076,-0.9781056121783908,0.1,0.1,-0.1911573357789183,-1.9779619201325551,0.1,0.1
1.5333333333333332,-0.1764998812564423,-0.984300661341067,0.1,0.1,-0.1848698131440761,-1.9842656328476673,0.1,0.1
1.5666666666666667,-0.1279298018305199,-0.9917832252078091,0.1,0.1,-0.17939908415960448,-1.9904578033244893,0.1,0.1
1.6,-0.0882068073428632,-0.9961021830808218,0.1,0.1,-0.17602356364089736,-1.992238828985033,0.1,0.1
1.6333333333333333,-0.0473422855708569,-0.9988787253700658,0.1,0.1,-0.17172520732443342,-1.9911130166420636,0.1,0.1
1.6666666666666667,0.006126919815999108,-0.9999812302506325,0.1,0.1,-0.16216552317063737,-1.9857183420779134,0.1,0.1
1.7,0.0436312761354761,-0.9990477024360698,0.1,0.1,-0.1507048696097759,-1.97998269643765,0.1,0.1
1.7333333333333334,0.07773182526039976,-0.996974304253468,0.1,0.1,-0.13479715146700655,-1.974129068889655,0.1,0.1
1.7666666666666666,0.11672272505454788,-0.9931645409778987,0.1,0.1,-0.10611876715687006,-1.968019232380155,0.1,0.1
1.8,0.14054792407479258,-0.9900738765558186,0.1,0.1,-0.07887989699802767,-1.965702612981327,0.1,0.1
1.8333333333333333,0.1594200095922523,-0.9872108490801781,0.1,0.1,-0.046747216767497435,-1.965727621943642,0.1,0.1
1.8666666666666667,0.1765601785892753,-0.9842898472180455,0.1,0.1,0.0035678398139474543,-1.9692130171785465,0.1,0.1
1.9,0.18324680145289948,-0.9830669406288066,0.1,0.1,0.04671441731603454,-1.9737025487521485,0.1,0.1
1.9333333333333333,0.1846201273649307,-0.9828099554704138,0.1,0.1,0.0941869168729797,-1.978712478029785,0.1,0.1
1.9666666666666666,0.17847124250153232,-0.9839451283481001,0.1,0.1,0.16324630330381065,-1.9838292222442004,0.1,0.1
2.0,0.16848050981785112,-0.9857049851814269,0.1,0.1,0.2180895071299095,-1.9844737008437128,0.1,0.1
2.033333333333333,0.14973475969091016,-0.9887262016050274,0.1,0.1,0.29233079007901297,-1.9785071733950268,0.1,0.1
2.0666666666666664,0.1333616716623406,-0.9910674369241611,0.1,0.1,0.346260378914132,-1.9681417127346115,0.1,0.1
2.1,0.11669561822198553,-0.9931677263623645,0.1,0.1,0.3964480855308831,-1.9532398887723494,0.1,0.1
2.1333333333333333,0.09630486621812587,-0.9953518838796201,0.1,0.1,0.4548900962873915,-1.9288488751849868,0.1,0.1
2.1666666666666665,0.08357200416109448,-0.9965017411527679,0.1,0.1,0.49122893450970384,-1.9096369048272095,0.1,0.1
2.2,0.07359582431122845,-0.9972881502574623,0.1,0.1,0.520800122757704,-1.8917199897237214,0.1,0.1
2.2333333333333334,0.06491968446905953,-0.9978904922727933,0.1,0.1,0.5497848010104378,-1.8724794350117897,0.1,0.1
2.2666666666666666,0.06193388909074829,-0.9980802539786542,0.1,0.1,0.5639109912992099,-1.8629611641960064,0.1,0.1
2.3,0.061940065083732725,-0.9980798707204864,0.1,0.1,0.5716894657371907,-1.8584028034227598,0.1,0.1
2.3333333333333335,0.06654242163370291,-0.9977835968400776,0.1,0.1,0.5723034098049903,-1.8604572447765397,0.1,0.1
2.3666666666666667,0.07340441888121264,-0.9973022567349938,0.1,0.1,0.5653902682123818,-1.8679054522597336,0.1,0.1
2.4,0.08315272381580005,-0.9965368154373492,0.1,0.1,0.5520038128608519,-1.87981404049258,0.1,0.1
2.433333333333333,0.10048230309677385,-0.9949388457409671,0.1,0.1,0.5237892247391809,-1.9009251867470716,0.1,0.1
2.466666666666667,0.11642554231822747,-0.9931994226216136,0.1,0.1,0.49475295330096714,-1.9188712705780573,0.1,0.1
2.5,0.1343474679360408,-0.9909342853384246,0.1,0.1,0.4591875244577346,-1.9367032516716316,0.1,0.1
2.533333333333333,0.1597784908442065,-0.9871528928507214,0.1,0.1,0.4028846580480248,-1.9571525791741085,0.1,0.1
2.5666666666666664,0.17835634062488445,-0.9839659627034363,0.1,0.1,0.35575353956853617,-1.968105299284871,0.1,0.1
2.6,0.19487963180087423,-0.9808271657683405,0.1,0.1,0.3064556756230196,-1.974583064591084,0.1,0.1
2.6333333333333333,0.21141373491802737,-0.9773966608741868,0.1,0.1,0.24065505758068373,-1.9769690419696921,0.1,0.1
2.6666666666666665,0.2184449163314189,-0.9758492806417185,0.1,0.1,0.19330250609353047,-1.9755331602793915,0.1,0.1
2.7,0.22025802615331136,-0.9754416445462266,0.1,0.1,0.14888630499597577,-1.9728914314623598,0.1,0.1
2.7333333333333334,0.2141749290500629,-0.9767953213270426,0.1,0.1,0.09535001273472406,-1.969710543922936,0.1,0.1
2.7666666666666666,0.203188994536099,-0.9791395367869735,0.1,0.1,0.05993435159350077,-1.9688253997128762,0.1,0.1
2.8,0.1867717893495233,-0.9824033279173974,0.1,0.1,0.028799117963824478,-1.9698468124243669,0.1,0.1
2.8333333333333335,0.15668333707098414,-0.9876488909953275,0.1,0.1,-0.005892845062221874,-1.9743448852118797,0.1,0.1
2.8666666666666667,0.12827164799162857,-0.9917390706841753,0.1,0.1,-0.02678534218736306,-1.9796445974409762,0.1,0.1
2.9,0.09527890417014498,-0.995450616766164,0.1,0.1,-0.043422892539022206,-1.9857848086375993,0.1,0.1
2.933333333333333,0.045306933535886794,-0.9989731136389881,0.1,0.1,-0.059639795673070435,-1.993450958554772,0.1,0.1
2.966666666666667,0.004665393080581696,-0.9999891169944819,0.1,0.1,-0.0682686309652115,-1.9973258846594906,0.1,0.1
3.0,-0.051047301721437836,-0.9986962365939708,0.1,0.1,-0.0772198222004375,-1.9983536775064947,0.1,0.1
3.033333333333333,-0.0918569493753084,-0.9957722133356915,0.1,0.1,-0.08382028779604624,-1.9957399188495548,0.1,0.1
3.0666666666666664,-0.13011832454102729,-0.9914984728271828,0.1,0.1,-0.09181484814004454,-1.990764625408966,0.1,0.1
3.1,-0.1751259897557081,-0.9845460312814651,0.1,0.1,-0.10640644859219409,-1.9821820494074527,0.1,0.1
3.1333333333333333,-0.20335824951145984,-0.9791043980881889,0.1,0.1,-0.12113317367161415,-1.975718183314508,0.1,0.1
3.1666666666666665,-0.22634263671934798,-0.9740477456485043,0.1,0.1,-0.13946650183913178,-1.9702668667199053,0.1,0.1
3.2,-0.24840866763545544,-0.9686553225185819,0.1,0.1,-0.16969650703563793,-1.965552707294823,0.1,0.1
3.2333333333333334,-0.25835771874277075,-0.9660493202554574,0.1,0.1,-0.19666781102895356,-1.9641446840791057,0.1,0.1
3.2666666666666666,-0.2625863201889273,-0.9649085057401237,0.1,0.1,-0.22716722293695774,-1.9642810526663714,0.1,0.1
3.3,-0.25937293548870477,-0.9657772415707321,0.1,0.1,-0.2728114135448086,-1.9656869411474167,0.1,0.1
3.3333333333333335,-0.2505373958055623,-0.9681069224537996,0.1,0.1,-0.3100974899190616,-1.9663316442420307,0.1,0.1
3.3666666666666667,-0.236641482259361,-0.9715970403794427,0.1,0.1,-0.3490352832261908,-1.9652607830531044,0.1,0.1
3.4,-0.2115952082963563,-0.9773573900196496,0.1,0.1,-0.4012255865339471,-1.9592129392983957,0.1,0.1
3.433333333333333,-0.18943475407273544,-0.9818933108792433,0.1,0.1,-0.43838912548000375,-1.9504085255027472,0.1,0.1
3.466666666666667,-0.16594907264438305,-0.9861343241609986,0.1,0.1,-0.4718985769226125,-1.9381820649975103,0.1,0.1
3.5,-0.13492838391682632,-0.9908553533253951,0.1,0.1,-0.5084351317193622,-1.9184828159125982,0.1,0.1
3.533333333333333,-0.11326932205688119,-0.9935643213606126,0.1,0.1,-0.528597857233211,-1.9032358048469775,0.1,0.1
3.5666666666666664,-0.09377401579042034,-0.995593508397146,0.1,0.1,-0.5421591550023686,-1.8894339678382488,0.1,0.1
3.6,-0.07182913515893537,-0.9974169516016456,0.1,0.1,-0.5499697761815694,-1.875700235857053,0.1,0.1
3.6333333333333333,-0.05869273784968685,-0.9982760953382125,0.1,0.1,-0.5482939291835215,-1.8702225807629143,0.1,0.1
3.6666666666666665,-0.048556337996564725,-0.9988204453455903,0.1,0.1,-0.540306157841284,-1.8695569810914416,0.1,0.1
3.6999999999999997,-0.03990176593058802,-0.9992036074172373,0.1,0.1,-0.5199221898810743,-1.87646092006296,0.1,0.1
3.7333333333333334,-0.03720344179992012,-0.9993077123280096,0.1,0.1,-0.4972667556014075,-1.8871938239966144,0.1,0.1
3.7666666666666666,-0.03787414118608084,-0.9992825173240132,0.1,0.1,-0.46814687826290846,-1.9019814548045084,0.1,0.1
3.8,-0.04409431196430015,-0.9990273728243861,0.1,0.1,-0.41900786609476814,-1.9260871480974053,0.1,0.1
3.8333333333333335,-0.05263003943645314,-0.9986140790860688,0.1,0.1,-0.37438625658342506,-1.9454366267301721,0.1,0.1
3.8666666666666667,-0.06406986689197597,-0.9979454154193227,0.1,0.1,-0.3234395640514676,-1.9637235266826676,0.1,0.1
3.9,-0.08240487570350605,-0.9965989346072419,0.1,0.1,-0.24725978806960586,-1.9829167626265702,0.1,0.1
3.933333333333333,-0.09678194405243828,-0.9953056089992816,0.1,0.1,-0.186045383201355,-1.991313660388078,0.1,0.1
3.966666666666667,-0.10993006363891684,-0.9939393246613918,0.1,0.1,-0.12372544978293841,-1.993844163794165,0.1,0.1
4.0,-0.12297996642627411,-0.9924091534532481,0.1,0.1,-0.04266557327343311,-1.9891787347770817,0.1,0.1
4.033333333333333,-0.1280142039142169,-0.9917723345587984,0.1,0.1,0.014389467349788354,-1.9815810001151943,0.1,0.1
4.066666666666666,-0.12731356760717852,-0.9918625184485662,0.1,0.1,0.08347642289585938,-1.9693938887399391,0.1,0.1
4.1,-0.12099412376543707,-0.9926532234442369,0.1,0.1,0.1293720210144464,-1.960804447968618,0.1,0.1
4.133333333333333,-0.10974004548748813,-0.9939603223551753,0.1,0.1,0.1699336362456545,-1.9540554383441218,0.1,0.1
4.166666666666667,-0.08730419734249685,-0.9961816988513603,0.1,0.1,0.2155570685589126,-1.9492163538438194,0.1,0.1
4.2,-0.06516257255802017,-0.9978746610359543,0.1,0.1,0.24335804921129273,-1.9490923153838309,0.1,0.1
4.233333333333333,-0.03874976632389824,-0.9992489457636887,0.1,0.1,0.265607068935035,-1.95180703681702,0.1,0.1
4.266666666666667,0.002481506384646889,-0.9999969210582915,0.1,0.1,0.28662840307000875,-1.9587776786374569,0.1,0.1
4.3,0.03720256343751755,-0.9993077450283658,0.1,0.1,0.29607622889877727,-1.965218934181205,0.1,0.1
4.333333333333333,0.07424943256171104,-0.9972397012575582,0.1,0.1,0.3005464034210489,-1.9712980573019423,0.1,0.1
4.366666666666666,0.12516094265371078,-0.992136451519666,0.1,0.1,0.3001949612683525,-1.9766988377236125,0.1,0.1
4.4,0.16253527434731435,-0.9867027336502333,0.1,0.1,0.29681104676226155,-1.9776467365799495,0.1,0.1
4.433333333333334,0.197482882780978,-0.9803063352893903,0.1,0.1,0.2923943645457009,-1.9757920512236897,0.1,0.1
4.466666666666667,0.23804350158388346,-0.9712544936079749,0.1,0.1,0.2872941738825864,-1.9700409428943706,0.1,0.1
4.5,0.26275532177350963,-0.9648624984316156,0.1,0.1,0.28543562838100717,-1.9646052671937557,0.1,0.1
4.533333333333333,0.28198156427461524,-0.959419823335562,0.1,0.1,0.2860225675785271,-1.9594116584483783,0.1,0.1
4.566666666666666,0.2986493738008908,-0.9543629034745303,0.1,0.1,0.2912232556122928,-1.9543353294786923,0.1,0.1
4.6,0.30428601789323395,-0.952580715380423,0.1,0.1,0.2986304848047764,-1.9525647227252831,0.1,0.1
4.633333333333333,0.30400229811791174,-0.9526712983705494,0.1,0.1,0.3090490522485771,-1.9526585634258322,0.1,0.1
4.666666666666667,0.2944562452779094,-0.955664962011706,0.1,0.1,0.3273899013111754,-1.9551225020304317,0.1,0.1
4.7,0.28056387749461376,-0.9598353560091373,0.1,0.1,0.3440821874404869,-1.9578160293198081,0.1,0.1
4.733333333333333,0.2612091334485203,-0.9652822326154528,0.1,0.1,0.36266279678910884,-1.9601224982836527,0.1,0.1
4.766666666666667,0.22792507220586222,-0.9736786746457747,0.1,0.1,0.38873194515956866,-1.9606645659384774,0.1,0.1
4.8,0.1986189858426938,-0.9800767819221206,0.1,0.1,0.40752634681582,-1.9580122166678118,0.1,0.1
4.833333333333333,0.16706976668678522,-0.9859450760865045,0.1,0.1,0.4239203331894972,-1.952396205987668,0.1,0.1
4.866666666666666,0.12407728547784598,-0.9922725569259936,0.1,0.1,0.43946807865068016,-1.941234435813555,0.1,0.1
4.9,0.09286797904408325,-0.995678431255929,0.1,0.1,0.44496639459553167,-1.9316414143734022,0.1,0.1
4.933333333333334,0.06367596462798304,-0.9979706265861215,0.1,0.1,0.44449832315297144,-1.9226188468555736,0.1,0.1
4.966666666666667,0.02904169063757387,-0.9995782011453188,0.1,0.1,0.43424583005361506,-1.9138044343065126,0.1,0.1
5.0,0.006840144737320164,-0.9999766059363452,0.1,0.1,0.4193429304620415,-1.910932945048898,0.1,0.1
5.033333333333333,-0.017181569322860957,-0.999852385942847,0.1,0.1,0.38998592272364835,-1.9132058955001026,0.1,0.1
5.066666666666666,-0.030721394217296978,-0.9995279865703338,0.1,0.1,0.3609045513483826,-1.9196524992096762,0.1,0.1
5.1,-0.04020261721561234,-0.9991915479871789,0.1,0.1,0.32575192747781373,-1.929824274264429,0.1,0.1
5.133333333333333,-0.04624619933251873,-0.9989300721508473,0.1,0.1,0.2693653117101238,-1.947818566178138,0.1,0.1
5.166666666666667,-0.04572484914172155,-0.9989540721029004,0.1,0.1,0.21996738966463025,-1.9630119719398702,0.1,0.1
5.2,-0.0409830649676952,-0.9991598412595722,0.1,0.1,0.16474355964266085,-1.977769342504287,0.1,0.1
5.233333333333333,-0.02889801681911317,-0.9995823651025073,0.1,0.1,0.08329861651331233,-1.9932683896942138,0.1,0.1
5.266666666666667,-0.016746605062517326,-0.9998597657766213,0.1,0.1,0.01815516988257999,-1.9992505132351326,0.1,0.1
5.3,-0.0035509674347438945,-0.999993695295264,0.1,0.1,-0.04818114224197175,-1.9989972726145229,0.1,0.1
5.333333333333333,0.012772276669312774,-0.9999184311476024,0.1,0.1,-0.13439539177080415,-1.9890299907635538,0.1,0.1
5.366666666666666,0.022165197784449604,-0.9997543218247052,0.1,0.1,-0.19471474985267875,-1.9759526051221696,0.1,0.1
5.4,0.02802326516775607,-0.9996072711867084,0.1,0.1,-0.24977603059093298,-1.9602464080513151,0.1,0.1
5.433333333333334,0.029543589495360758,-0.9995634928906365,0.1,0.1,-0.3138657858493607,-1.938749310993395,0.1,0.1
5.466666666666667,0.025812401745067572,-0.9996668044484378,0.1,0.1,-0.3546575870563744,-1.9244600719528195,0.1,0.1
5.5,0.017985437142715777,-0.9998382489436906,0.1,0.1,-0.38921938357167174,-1.9131751166912723,0.1,0.1
5.533333333333333,0.001455997947818235,-0.9999989400344262,0.1,0.1,-0.4257266653954316,-1.9041642856095415,0.1,0.1
5.566666666666666,-0.015266286033376406,-0.9998834634649916,0.1,0.1,-0.4459680968348084,-1.902377757171255,0.1,0.1
5.6,-0.03546595325894904,-0.999370885186993,0.1,0.1,-0.4600543363744485,-1.904757379963321,0.1,0.1
5.633333333333333,-0.0673664273860719,-0.9977283019245455,0.1,0.1,-0.4691205451084345,-1.913475881169572,0.1,0.1
5.666666666666667,-0.09454296313957242,-0.9955207823650842,0.1,0.1,-0.46856803893564547,-1.9229393732266984,0.1,0.1
5.7,-0.12387248446261562,-0.992298144507516,0.1,0.1,-0.46183776057658915,-1.9334567242066045,0.1,0.1
5.733333333333333,-0.16477058067053663,-0.9863319196626935,0.1,0.1,-0.4440897390560264,-1.946530236552919,0.1,0.1
5.766666666666667,-0.19518446201413214,-0.9807665500965324,0.1,0.1,-0.4254554991100065,-1.953893083223027,0.1,0.1
5.8,-0.22376411779849426,-0.974643329421518,0.1,0.1,-0.40383852437138323,-1.9582963211301907,0.1,0.1
5.833333333333333,-0.25662159605792284,-0.966511953592238,0.1,0.1,-0.37317365737307473,-1.9596965371431452,0.1,0.1
5.866666666666666,-0.2759360376080442,-0.9611760000900834,0.1,0.1,-0.3506763610597384,-1.9583790305960762,0.1,0.1
5.9,-0.2899240304544522,-0.9570496625384943,0.1,0.1,-0.3298173264102041,-1.9562536081560977,0.1,0.1
5.933333333333334,-0.2997034359247134,-0.9540324158512232,0.1,0.1,-0.30572612174163405,-1.9540142793145314,0.1,0.1
5.966666666666667,-0.30020070645539515,-0.9538760589529867,0.1,0.1,-0.29095292048143123,-1.9538332972659957,0.1,0.1
6.0,-0.2916857202262085,-0.956514213494038,0.1,0.1,-0.2759971944264068,-1.956391140999733,0.1,0.1
6.033333333333333,-0.27845458880317403,-0.9604493958426208,0.1,0.1,-0.26838529492244195,-1.9603986992179188,0.1,0.1
6.066666666666666,-0.2594648556770876,-0.965752550433323,0.1,0.1,-0.2637561557018052,-1.9657433427629813,0.1,0.1
6.1,-0.22560511235693667,-0.9742188323361513,0.1,0.1,-0.26170452236606806,-1.9735670362155562,0.1,0.1
6.133333333333333,-0.19443748158548496,-0.9809149125967523,0.1,0.1,-0.26249751238884134,-1.9785961403479044,0.1,0.1
6.166666666666667,-0.1592650588000145,-0.9872358588733636,0.1,0.1,-0.2642319248409117,-1.9817115785536141,0.1,0.1
6.2,-0.10835544238871492,-0.9941122160524666,0.1,0.1,-0.26572138811989476,-1.9816525742779576,0.1,0.1
6.233333333333333,-0.06917492232836155,-0.9976045459604047,0.1,0.1,-0.2643195736364512,-1.9783790180312493,0.1,0.1
6.266666666666667,-0.03086349314099929,-0.9995236089213378,0.1,0.1,-0.2593007321085933,-1.9730822501201422,0.1,0.1
6.3,0.016669509021112066,-0.9998610540815134,0.1,0.1,-0.24542923527019297,-1.9649021144726873,0.1,0.1
6.333333333333333,0.04847605711705888,-0.9988243448606885,0.1,0.1,-0.22900897603548714,-1.959554305034894,0.1,0.1
6.366666666666666,0.07632104110027768,-0.9970832957608756,0.1,0.1,-0.2072237304845971,-1.9560422951486915,0.1,0.1
6.4,0.1066293868072203,-0.9942988352950617,0.1,0.1,-0.1698024262714627,-1.955332368902517,0.1,0.1
6.433333333333334,0.12390354204381829,-0.992294266973762,0.1,0.1,-0.13551122506829658,-1.9580602731078396,0.1,0.1
6.466666666666667,0.13627992943811912,-0.9906703694127231,0.1,0.1,-0.09595844267874937,-1.9633292708352654,0.1,0.1
6.5,0.1449333666473377,-0.9894414177869594,0.1,0.1,-0.0352404900604078,-1.9730761982614284,0.1,0.1
6.533333333333333,0.14549869533525964,-0.9893584434651261,0.1,0.1,0.01595816447740142,-1.9809325712362496,0.1,0.1
6.566666666666666,0.1411688443951988,-0.9899855339206347,0.1,0.1,0.07142390107703248,-1.9875503903994232,0.1,0.1
6.6,0.12869185752488918,-0.9916846302160751,0.1,0.1,0.15024253416612615,-1.9914523874158685,0.1,0.1
6.633333333333333,0.11558331141371823,-0.9932977892468298,0.1,0.1,0.21091085162176815,-1.9887437496474347,0.1,0.1
6.666666666666667,0.10083037504544456,-0.9949036312468635,0.1,0.1,0.2705850792570502,-1.9803899783861987,0.1,0.1
6.7,0.08133005370591796,-0.9966872239394827,0.1,0.1,0.3449060962411741,-1.961325845290221,0.1,0.1
6.733333333333333,0.06858372949256215,-0.9976453638687903,0.1,0.1,0.39454676509444764,-1.9430278787384085,0.1,0.1
6.766666666666667,0.05845715558634743,-0.9982899182906505,0.1,0.1,0.4378705693512805,-1.9235171668384003,0.1,0.1
6.8,0.04979551201229097,-0.9987594339897039,0.1,0.1,0.48522217935466266,-1.8989836379339855,0.1,0.1
6.833333333333333,0.04712043824031061,-0.9988892152286164,0.1,0.1,0.5129403448287579,-1.883768763317468,0.1,0.1
6.866666666666666,0.04770494831019536,-0.9988614708290242,0.1,0.1,0.5341472876509817,-1.872574152719738,0.1,0.1
6.8999999999999995,0.0534135430217704,-0.9985724778011166,0.1,0.1,0.5525544913035385,-1.8650932875618385,0.1,0.1
6.933333333333334,0.06127297538474076,-0.9981210460097016,0.1,0.1,0.5590491918602992,-1.8654265506107492,0.1,0.1
6.966666666666667,0.0721021145412197,-0.997397255399615,0.1,0.1,0.5592389621611427,-1.8707229058250012,0.1,0.1
7.0,0.09098499110197707,-0.9958522638394578,0.1,0.1,0.5494612523610906,-1.884558918400942,0.1,0.1
7.033333333333333,0.10826391928841281,-0.9941221875505606,0.1,0.1,0.5344093794368314,-1.8987768436458534,0.1,0.1
7.066666666666666,0.1348190927492307,-0.9908702297628456,0.1,0.1,0.5039850121242178,-1.9202337345186653,0.1,0.1
7.1,0.15655343099262892,-0.9876694908948217,0.1,0.1,0.47377914490561013,-1.9360195562358853,0.1,0.1
7.133333333333333,0.17873806102101247,-0.9838966945479839,0.1,0.1,0.43812797289501404,-1.949669376713926,0.1,0.1
7.166666666666667,0.20669978954631518,-0.9784044138297359,0.1,0.1,0.38456301082929645,-1.9624596330704254,0.1,0.1
7.2,0.22460312108877864,-0.9744503260798775,0.1,0.1,0.34217059258176086,-1.9675152230764166,0.1,0.1
7.233333333333333,0.23850728836024007,-0.9711407073123056,0.1,0.1,0.2998371452035222,-1.9692582598378499,0.1,0.1
7.266666666666667,0.24939925942314017,-0.9684007483470825,0.1,0.1,0.2458960454331092,-1.9683946120741256,0.1,0.1
7.3,0.25124325775738715,-0.9679239770929611,0.1,0.1,0.20855141978080116,-1.9670122649685526,0.1,0.1
7.333333333333333,0.24745405364983597,-0.9688996291320707,0.1,0.1,0.17451799614489888,-1.966236248090603,0.1,0.1
7.366666666666666,0.23359253085348236,-0.9723345769484211,0.1,0.1,0.13483513241514883,-1.9674461165527473,0.1,0.1
7.3999999999999995,0.2166638593840845,-0.9762462660808459,0.1,0.1,0.10956060532943197,-1.9704941692573648,0.1,0.1
7.433333333333334,0.19427761288702874,-0.9809465883170795,0.1,0.1,0.08820062161910995,-1.975304507742246,0.1,0.1
7.466666666666667,0.15635774991094195,-0.9877004880239694,0.1,0.1,0.06569462682891596,-1.983582106547483,0.1,0.1
7.5,0.12242415703326143,-0.9924778716801173,0.1,0.1,0.0529657186257915,-1.9900627178631352,0.1,0.1
7.533333333333333,0.08459370487324269,-0.9964155283293304,0.1,0.1,0.04319101019703806,-1.995558069147981,0.1,0.1
7.566666666666666,0.030075063296804785,-0.9995476429704054,0.1,0.1,0.03312165446191257,-1.999543002100773,0.1,0.1
7.6,-0.011929807067111067,-0.9999288373196072,0.1,0.1,0.02613669281715013,-1.9992040454512618,0.1,0.1
7.633333333333333,-0.05306395097311085,-0.9985911160766069,0.1,0.1,0.018077572725432152,-1.9960573478889172,0.1,0.1
7.666666666666667,-0.10400239512182162,-0.9945770466931783,0.1,0.1,0.0035503811107252675,-1.9887764232392873,0.1,0.1
7.7,-0.13782603851520187,-0.9904564518984195,0.1,0.1,-0.011296386892858862,-1.982419277441962,0.1,0.1
7.733333333333333,-0.16707441629345351,-0.9859442881928988,0.1,0.1,-0.030074657819537942,-1.9765153690235926,0.1,0.1
7.766666666666667,-0.1982151329449439,-0.9801585387434107,0.1,0.1,-0.06156889229053775,-1.9707784481511603,0.1,0.1
7.8,-0.2153525534588687,-0.976536367842358,0.1,0.1,-0.09007445408483902,-1.9686580326684169,0.1,0.1
7.833333333333333,-0.22699576442818964,-0.9738957454120343,0.1,0.1,-0.12268810484446814,-1.9684408234010444,0.1,0.1
7.866666666666666,-0.23385124548053474,-0.9722723872388862,0.1,0.1,-0.1722592746011657,-1.9703737994827497,0.1,0.1
7.8999999999999995,-0.2325173939117913,-0.9725922380568688,0.1,0.1,-0.2135800857679001,-1.972412911157932,0.1,0.1
7.933333333333334,-0.22583173614999857,-0.9741663240676499,0.1,0.1,-0.25781087217118304,-1.973654860699931,0.1,0.1
7.966666666666667,-0.20941227062971923,-0.9778274392292872,0.1,0.1,-0.31959801203593513,-1.9717384525452493,0.1,0.1
8.0,-0.19258317220697715,-0.9812806539327563,0.1,0.1,-0.36615983935827684,-1.966101013501265,0.1,0.1
8.033333333333333,-0.16653110668608687,-0.9860362014175277,0.1,0.1,-0.42506248441908556,-1.9520390620382804,0.1,0.1
8.066666666666666,-0.14616342601868168,-0.9892604575613448,0.1,0.1,-0.4645019898486804,-1.9372375452478847,0.1,0.1
8.1,-0.126540500201517,-0.9919614416945599,0.1,0.1,-0.4983315984073552,-1.9202778636622513,0.1,0.1
8.133333333333333,-0.10314189222957278,-0.9946666527371385,0.1,0.1,-0.5334141071244075,-1.8973658391162407,0.1,0.1
8.166666666666666,-0.08839185027531558,-0.9960857798427333,0.1,0.1,-0.5518881237021547,-1.8821846482086921,0.1,0.1
8.2,-0.07635932240041954,-0.9970803648064427,0.1,0.1,-0.5637027560565975,-1.8702907504937674,0.1,0.1
8.233333333333333,-0.06475732788606366,-0.9979010414289871,0.1,0.1,-0.5693811005434162,-1.8612404000065168,0.1,0.1
8.266666666666666,-0.05946963599123218,-0.9982301149509918,0.1,0.1,-0.5662638408081015,-1.860297185406671,0.1,0.1
8.3,-0.057166593695202994,-0.9983646531029069,0.1,0.1,-0.5568793569255768,-1.8645558296134186,0.1,0.1
8.333333333333334,-0.05884125141426142,-0.9982673525323783,0.1,0.1,-0.5345013312645417,-1.877896529195377,0.1,0.1
8.366666666666667,-0.0637221580665167,-0.9979676781195601,0.1,0.1,-0.5101205260173465,-1.89280201870492,0.1,0.1
8.4,-0.07170417708949198,-0.9974259426082314,0.1,0.1,-0.47903783154037327,-1.9107053598468386,0.1,0.1
8.433333333333334,-0.08688119106587593,-0.9962186801295059,0.1,0.1,-0.4270964629113264,-1.93656625884874,0.1,0.1
8.466666666666667,-0.10107635945139877,-0.9948786707735027,0.1,0.1,-0.3806426743030394,-1.955005055995924,0.1,0.1
8.5,-0.11672056478900006,-0.9931647948630362,0.1,0.1,-0.3287056581435117,-1.9704376944133508,0.1,0.1
8.533333333333333,-0.1375449707225843,-0.9904955229726803,0.1,0.1,-0.25364683188330006,-1.9837328349153087,0.1,0.1
8.566666666666666,-0.1511410985088988,-0.9885121993893263,0.1,0.1,-0.1956496313566244,-1.9875212036048753,0.1,0.1
8.6,-0.16143548972494667,-0.986883266986155,0.1,0.1,-0.13849069041361556,-1.986620000423795,0.1,0.1
8.633333333333333,-0.1683307186520431,-0.9857305763534409,0.1,0.1,-0.06638758114390503,-1.9805208038461504,0.1,0.1
8.666666666666666,-0.16768205779367473,-0.9858411269033559,0.1,0.1,-0.01677249807259662,-1.9743887002577143,0.1,0.1
8.7,-0.16181974952283962,-0.9868203325146708,0.1,0.1,0.0283479271307798,-1.968571958312237,0.1,0.1
8.733333333333333,-0.1459129311882856,-0.9892974358159646,0.1,0.1,0.08101016926949162,-1.963210114898966,0.1,0.1
8.766666666666666,-0.12806475411075804,-0.9917658084218023,0.1,0.1,0.11468914139758035,-1.9618537148589081,0.1,0.1
8.8,-0.10534555388598277,-0.9944356762890476,0.1,0.1,0.1432876400400345,-1.9630333919987986,0.1,0.1
8.833333333333334,-0.06792862531793052,-0.997690183304625,0.1,0.1,0.17345179598290744,-1.9681207538312495,0.1,0.1
8.866666666666667,-0.03502929551909564,-0.9993862859052228,0.1,0.1,0.19016008082360408,-1.9737012990207892,0.1,0.1
8.9,0.001338605155712269,-0.9999991040677172,0.1,0.1,0.20204781595548227,-1.9796499667224352,0.1,0.1
8.933333333333334,0.05356974905889631,-0.9985641101029853,0.1,0.1,0.21137005997958408,-1.9860351536649392,0.1,0.1
8.966666666666667,0.09383546493048074,-0.9955877186472725,0.1,0.1,0.21472365837191754,-1.9882538481623606,0.1,0.1
9.0,0.14597651277247273,-0.9892880559871265,0.1,0.1,0.21688892583843944,-1.9867706020365108,0.1,0.1
9.033333333333333,0.18192492410685168,-0.9833124233877635,0.1,0.1,0.21864134473078972,-1.9826381482925945,0.1,0.1
9.066666666666666,0.21379538879011672,-0.9768784631324835,0.1,0.1,0.2218624431676074,-1.9768459239199188,0.1,0.1
9.1,0.248567161503714,-0.9686146634353553,0.1,0.1,0.229876392328202,-1.9684399757512758,0.1,0.1
9.133333333333333,0.26826533842516126,-0.9633450618545951,0.1,0.1,0.23930032075217408,-1.962925487708965,0.1,0.1
9.166666666666666,0.28224125130021754,-0.9593434609484173,0.1,0.1,0.2518991164744839,-1.9588830323782918,0.1,0.1
9.2,0.291808035404527,-0.9564769053528425,0.1,0.1,0.2737100455017901,-1.9563131233213058,0.1,0.1
9.233333333333333,0.292142578924449,-0.956374776737327,0.1,0.1,0.29372021192344533,-1.9563735322736129,0.1,0.1
9.266666666666666,0.28664893614672354,-0.9580356921357114,0.1,0.1,0.3166156305635848,-1.9575865899021665,0.1,0.1
9.3,0.2705215975488455,-0.9627139062357105,0.1,0.1,0.3508696978638261,-1.959480771042007,0.1,0.1
9.333333333333334,0.25229710616587153,-0.9676498179715257,0.1,0.1,0.3783844697863992,-1.9596689592864627,0.1,0.1
9.366666666666667,0.22958761851525114,-0.973287997164506,0.1,0.1,0.4061945630736537,-1.9575694544386666,0.1,0.1
9.4,0.1942461567605866,-0.980952817715379,0.1,0.1,0.4410914734911794,-1.9500077127590876,0.1,0.1
9.433333333333334,0.16574712469011335,-0.9861682871888348,0.1,0.1,0.4634851670110157,-1.940815896600243,0.1,0.1
9.466666666666667,0.13712358416541792,-0.9905539473777436,0.1,0.1,0.48104874913958584,-1.9295510085539176,0.1,0.1
9.5,0.10079869752306646,-0.9949068411553181,0.1,0.1,0.4953666954760803,-1.9137735861142107,0.1,0.1
9.533333333333333,0.07601510903137783,-0.997106665908391,0.1,0.1,0.4987270310995426,-1.9033707725249103,0.1,0.1
9.566666666666666,0.05393050206417583,-0.9985446915121555,0.1,0.1,0.495668761141586,-1.8956886657254692,0.1,0.1
9.6,0.02923712386930918,-0.9995725039174751,0.1,0.1,0.48174562711040375,-1.8913325918864894,0.1,0.1
9.633333333333333,0.014571187538032899,-0.9998938346113209,0.1,0.1,0.46404214807282795,-1.8931887778612695,0.1,0.1
9.666666666666666,0.00341505578219086,-0.9999941686800001,0.1,0.1,0.44015690553445,-1.8995810497954237,0.1,0.1
9.7,-0.005700734827804279,-0.9999837506791913,0.1,0.1,0.39861399132930586,-1.9146036729488198,0.1,0.1
9.733333333333333,-0.008022205000429345,-0.9999678215957407,0.1,0.1,0.3600608833859275,-1.929760723291576,0.1,0.1
9.766666666666666,-0.00638359230223283,-0.9999796246670823,0.1,0.1,0.3150958605494388,-1.9468961792769328,0.1,0.1
9.8,0.0017778488012642265,-0.9999984196255711,0.1,0.1,0.24540510954898043,-1.9698673581015718,0.1,0.1
9.833333333333334,0.011819168234575638,-0.9999301511916934,0.1,0.1,0.18655680573676664,-1.984545181566587,0.1,0.1
9.866666666666667,0.024213356167970462,-0.9997068137124419,0.1,0.1,0.12340846084803742,-1.9947748170205126,0.1,0.1
9.9,0.041927249654407826,-0.9991206662542903,0.1,0.1,0.03591205090098103,-1.999102574782618,0.1,0.1
9.933333333333334,0.053950636181817446,-0.9985436038829637,0.1,0.1,-0.029155878618738085,-1.9950842740001973,0.1,0.1
9.966666666666667,0.06553311256589935,-0.9978503951782678,0.1,0.1,-0.1111640506133867,-1.9821156605028105,0.1,0.1
