0,1,2,3,4
0.0,0.3249009062876272,2.377319997047979,0.1,0.1
0.03333333333333333,0.2349658584797839,2.42218286790714,0.1,0.1
0.06666666666666667,0.2787393791199119,2.5278788224276196,0.1,0.1
0.1,0.1743108663172305,2.4011604457183995,0.1,0.1
0.13333333333333333,0.3583286260238515,2.4712734260827953,0.1,0.1
0.16666666666666666,0.1905839741980052,2.462061524962562,0.1,0.1
0.2,0.04316995812005825,2.3403003059167755,0.1,0.1
0.23333333333333334,0.17592270819008538,2.490291091109868,0.1,0.1
0.26666666666666666,0.1915076165408126,2.4137319520527964,0.1,0.1
0.3,0.09642945482585513,2.2109380371820193,0.1,0.1
0.3333333333333333,-0.021230489095918376,2.44492164335521,0.1,0.1
0.36666666666666664,0.06305713157494841,2.620552590621795,0.1,0.1
0.4,0.2235645054676223,2.3317414304058808,0.1,0.1
0.43333333333333335,0.23213055877791358,2.456715739211878,0.1,0.1
0.4666666666666667,0.1312953718259238,2.47080855923823,0.1,0.1
0.5,0.3481349328774567,2.3247452491118104,0.1,0.1
0.5333333333333333,0.36114614947026763,2.2966929223540364,0.1,0.1
0.5666666666666667,0.25439967755635096,2.5218287979936718,0.1,0.1
0.6,0.4133312217004673,2.3469883930223534,0.1,0.1
0.6333333333333333,0.5369427883085447,2.415397117460039,0.1,0.1
0.6666666666666666,0.5492261917433421,2.4624799926096053,0.1,0.1
0.7,0.5290747474886915,2.3333371172464976,0.1,0.1
0.7333333333333333,0.4506738475221403,2.3062542678224873,0.1,0.1
0.7666666666666666,0.5158183555452924,2.482531369303392,0.1,0.1
0.8,0.5697988254296007,2.4999551502910893,0.1,0.1
0.8333333333333334,0.47216976931983057,2.3494402929191316,0.1,0.1
0.8666666666666667,0.6836254361671241,2.4689526636123036,0.1,0.1
0.9,0.7607510571711683,2.300753396580756,0.1,0.1
0.9333333333333333,0.8037794729385309,2.1177452283048406,0.1,0.1
0.9666666666666667,0.8364574600248955,2.1463030200791584,0.1,0.1
1.0,0.8536200951376773,2.3085474921722455,0.1,0.1
1.0333333333333332,0.8743877866448629,2.0310434372069888,0.1,0.1
1.0666666666666667,0.9745635727511442,2.212602850192721,0.1,0.1
1.1,1.2274466702755968,2.1109347167082038,0.1,0.1
1.1333333333333333,1.2628038418794458,1.9644037832110888,0.1,0.1
1.1666666666666667,1.1841730939245432,2.054357596198816,0.1,0.1
1.2,1.4044906428124566,2.104473165729146,0.1,0.1
1.2333333333333334,1.3173771673757428,1.9027357745095514,0.1,0.1
1.2666666666666666,1.5406638999152418,1.889839163311811,0.1,0.1
1.3,1.64052670031952,1.8477849285124337,0.1,0.1
1.3333333333333333,1.8162221352050503,1.6470409918791442,0.1,0.1
1.3666666666666667,1.9557416552557179,1.5806605884180993,0.1,0.1
1.4,1.941640490527513,1.2292076624105421,0.1,0.1
1.4333333333333333,2.1273184091394923,1.1986758380203189,0.1,0.1
1.4666666666666666,2.1362504655102383,1.0410530236319027,0.1,0.1
1.5,2.4748436682880928,0.8221878966091751,0.1,0.1
1.5333333333333332,2.111703556350297,0.5652098623486729,0.1,0.1
1.5666666666666667,2.3789781651014237,0.25012200618895297,0.1,0.1
1.6,2.3740145057169095,-0.04770990173173893,0.1,0.1
1.6333333333333333,2.5201337715312158,-0.1283131760277403,0.1,0.1
1.6666666666666667,2.3710703909570583,-0.31382749878505123,0.1,0.1
1.7,2.3167014391166263,-0.8275638710349535,0.1,0.1
1.7333333333333334,2.110227158937942,-1.1911952897495999,0.1,0.1
1.7666666666666666,1.9713768759217316,-1.2536053077848013,0.1,0.1
1.8,1.6791529318392875,-1.7253327997466137,0.1,0.1
1.8333333333333333,1.4845070937780869,-1.9315170945813187,0.1,0.1
1.8666666666666667,1.1059568917060771,-2.1486973542419583,0.1,0.1
1.9,0.5530828556735067,-2.258359988722293,0.1,0.1
1.9333333333333333,0.6009570232796396,-2.4955021097055012,0.1,0.1
1.9666666666666666,0.18947827564586717,-2.3514974465363405,0.1,0.1
2.0,-0.5365667101336979,-2.2451447417300563,0.1,0.1
2.033333333333333,-0.7778448799969235,-2.283537648009478,0.1,0.1
2.0666666666666664,-1.0195117729283563,-2.088766356915833,0.1,0.1
2.1,-1.678632937527148,-1.8801703121828417,0.1,0.1
2.1333333333333333,-1.743696335418259,-1.6538415549992438,0.1,0.1
2.1666666666666665,-1.9399330479453283,-1.2573963735640232,0.1,0.1
2.2,-2.2297769587231935,-1.0409993620148672,0.1,0.1
2.2333333333333334,-2.476538192908135,-0.6845569317688858,0.1,0.1
2.2666666666666666,-2.2739341527810852,-0.5310232881055365,0.1,0.1
2.3,-2.2215399200059607,-0.1691911402134128,0.1,0.1
2.3333333333333335,-2.3509730112637737,0.023622994399948596,0.1,0.1
2.3666666666666667,-2.4870531451534617,0.3480602102370703,0.1,0.1
2.4,-2.4028817804752225,0.9070350557619213,0.1,0.1
2.433333333333333,-2.1526346410334654,0.9782896819222731,0.1,0.1
2.466666666666667,-2.045803078719166,0.9610888264495911,0.1,0.1
2.5,-2.0038194903058657,1.0877743100909418,0.1,0.1
2.533333333333333,-1.9333124783394682,1.3989733565102447,0.1,0.1
2.5666666666666664,-1.8123955254823356,1.5861985917055526,0.1,0.1
2.6,-1.6780909381927436,1.7799360680598997,0.1,0.1
2.6333333333333333,-1.487634196937437,1.6953682895671323,0.1,0.1
2.6666666666666665,-1.4332489354107891,1.9005472498835818,0.1,0.1
2.7,-1.5363301524512156,2.0537059027312883,0.1,0.1
2.7333333333333334,-1.4600763566911292,1.9854851620654177,0.1,0.1
2.7666666666666666,-1.3537751513264447,2.0166977045380112,0.1,0.1
2.8,-1.0087986574026646,2.07447922054982,0.1,0.1
2.8333333333333335,-1.0097322593803928,1.995796673549306,0.1,0.1
2.8666666666666667,-0.9374585072250812,2.202386578529978,0.1,0.1
2.9,-0.8692201001740856,2.1261854479866713,0.1,0.1
2.933333333333333,-0.838636689457416,2.386066605088992,0.1,0.1
2.966666666666667,-0.8271859677558163,2.3347045207036974,0.1,0.1
3.0,-0.6348114001801801,2.356571927791558,0.1,0.1
3.033333333333333,-0.6690346387049012,2.200193486386454,0.1,0.1
3.0666666666666664,-0.719615022501368,2.2611226639102613,0.1,0.1
3.1,-0.7567734443967729,2.3346709526451592,0.1,0.1
3.1333333333333333,-0.3829222083029956,2.383049100721561,0.1,0.1
3.1666666666666665,-0.42234603584796704,2.219204060112714,0.1,0.1
3.2,-0.5924681348697647,2.349678226292404,0.1,0.1
3.2333333333333334,-0.4563681587513402,2.233717822304429,0.1,0.1
3.2666666666666666,-0.5372716892824206,2.461052694402172,0.1,0.1
3.3,-0.4302581163447366,2.6038485657524966,0.1,0.1
3.3333333333333335,-0.2472068664303581,2.2988776135477607,0.1,0.1
3.3666666666666667,-0.33560300215615446,2.2124103513928004,0.1,0.1
3.4,-0.346130250438205,2.2998543436875325,0.1,0.1
3.433333333333333,-0.19350448290911915,2.30819632384264,0.1,0.1
3.466666666666667,-0.26063456484746506,2.2266352048481757,0.1,0.1
3.5,-0.45526017577980377,2.419650532537938,0.1,0.1
3.533333333333333,-0.24000591091514903,2.421135401228325,0.1,0.1
3.5666666666666664,-0.3335447501093014,2.3037906472187726,0.1,0.1
3.6,-0.1898940672395974,2.3145291722655874,0.1,0.1
3.6333333333333333,-0.1830805380901184,2.3073434505120356,0.1,0.1
3.6666666666666665,-0.2911831463753904,2.2451396535864174,0.1,0.1
3.6999999999999997,-0.21092644806111596,2.4192857609437395,0.1,0.1
3.7333333333333334,-0.13058109604085116,2.429167020668132,0.1,0.1
3.7666666666666666,-0.16906115299718277,2.489187726641824,0.1,0.1
3.8,-0.34799601802508007,2.336605031279601,0.1,0.1
3.8333333333333335,-0.20441583883956446,2.284661811997516,0.1,0.1
3.8666666666666667,-0.35947456654325416,2.415737086949869,0.1,0.1
3.9,-0.007000028421712795,2.2589454183778295,0.1,0.1
3.933333333333333,-0.23226051421120128,2.3543240914620616,0.1,0.1
3.966666666666667,-0.07936708646507712,2.405145536724154,0.1,0.1
4.0,-0.22768453984324452,2.3596621252139123,0.1,0.1
4.033333333333333,-0.47007502979798166,2.465279762810643,0.1,0.1
4.066666666666666,-0.3060135670259887,2.4963052893301643,0.1,0.1
4.1,-0.31303456925872863,2.2315593726256386,0.1,0.1
4.133333333333333,-0.25271275822719297,2.37003487509042,0.1,0.1
4.166666666666667,-0.2567407844638378,2.4976936127206817,0.1,0.1
4.2,-0.38840223663550455,2.3418683303344436,0.1,0.1
4.233333333333333,-0.5421775777508802,2.263751537254988,0.1,0.1
4.266666666666667,-0.39302129124164364,2.3521468252166224,0.1,0.1
4.3,-0.41419907993545846,2.4694120896187792,0.1,0.1
4.333333333333333,-0.5947437157122315,2.3376513891477604,0.1,0.1
4.366666666666666,-0.47200448931121797,2.32988173032929,0.1,0.1
4.4,-0.5062909537371771,2.464586776896546,0.1,0.1
4.433333333333334,-0.6499971121363668,2.1154825146089413,0.1,0.1
4.466666666666667,-0.7531977379720216,2.3833969325100512,0.1,0.1
4.5,-0.7632223319439908,2.1009931382168894,0.1,0.1
4.533333333333333,-0.8827841881711547,2.4391484291484526,0.1,0.1
4.566666666666666,-0.9223351184551967,2.290635929379836,0.1,0.1
4.6,-0.8551791380048198,2.279709869336043,0.1,0.1
4.633333333333333,-0.8773708476536162,2.3283430875608637,0.1,0.1
4.666666666666667,-0.9086646795942238,2.1941010273610364,0.1,0.1
4.7,-1.2241048828080905,2.069468268655838,0.1,0.1
4.733333333333333,-1.0824547694667028,2.2351739311878984,0.1,0.1
4.766666666666667,-1.250467360470155,1.9738292729527844,0.1,0.1
4.8,-1.3869793714976204,2.0799251538095116,0.1,0.1
4.833333333333333,-1.3651419463055083,1.9496205198992125,0.1,0.1
4.866666666666666,-1.6199252896986507,1.6018889461242276,0.1,0.1
4.9,-1.5960006784354157,1.6902667907924658,0.1,0.1
4.933333333333334,-1.7482142576568942,1.6947167019358649,0.1,0.1
4.966666666666667,-1.8473833617139936,1.5617803236392127,0.1,0.1
5.0,-2.0446507784517607,1.3071690576943644,0.1,0.1
5.033333333333333,-1.9106008193148658,1.4212113701085451,0.1,0.1
5.066666666666666,-2.1621084161542856,0.9477069034165837,0.1,0.1
5.1,-2.2740685945826287,0.8118437538817879,0.1,0.1
5.133333333333333,-2.2675755867483924,0.6105349093122726,0.1,0.1
5.166666666666667,-2.4817866562578814,0.37935262511453505,0.1,0.1
5.2,-2.4276160078047844,0.024170081518832612,0.1,0.1
5.233333333333333,-2.576054932994721,0.08420477853008382,0.1,0.1
5.266666666666667,-2.3204591820007128,-0.4299613951510238,0.1,0.1
5.3,-2.1541559994484856,-0.8332499307626771,0.1,0.1
5.333333333333333,-2.0694788129948307,-0.9835815084194323,0.1,0.1
5.366666666666666,-2.2462892611539735,-1.0167617050750004,0.1,0.1
5.4,-1.6639485512423728,-1.7152335267782812,0.1,0.1
5.433333333333334,-1.5009841465023466,-1.9945850168352777,0.1,0.1
5.466666666666667,-1.4798278009605947,-2.0587916231174717,0.1,0.1
5.5,-0.7890911658651512,-2.3785714983199644,0.1,0.1
5.533333333333333,-0.5319627422715486,-2.4211826123869216,0.1,0.1
5.566666666666666,-0.3630855190000635,-2.3991073523915616,0.1,0.1
5.6,0.44765732894921995,-2.4970291413926318,0.1,0.1
5.633333333333333,0.650282071432431,-2.418844047330581,0.1,0.1
5.666666666666667,0.8502632776996133,-2.340781113097173,0.1,0.1
5.7,1.5711954500327532,-1.939505062828163,0.1,0.1
5.733333333333333,1.5083212184382357,-1.7297832197755636,0.1,0.1
5.766666666666667,1.6702806597416464,-1.7577174274030234,0.1,0.1
5.8,1.9883797831725887,-1.0395119829593118,0.1,0.1
5.833333333333333,2.1818381074849547,-1.0588495241226135,0.1,0.1
5.866666666666666,2.30808860814931,-0.6383613171808049,0.1,0.1
5.9,2.4974059483276774,-0.18928311451117266,0.1,0.1
5.933333333333334,2.4951429397821907,-0.04348952276525348,0.1,0.1
5.966666666666667,2.5162599691095573,0.2804718441004651,0.1,0.1
6.0,2.3310418693341495,0.38044381591498194,0.1,0.1
6.033333333333333,2.3487841691113966,0.7741979024731308,0.1,0.1
6.066666666666666,2.2439213609619206,0.9248922847574972,0.1,0.1
6.1,2.1026324528802878,1.1017071152267621,0.1,0.1
6.133333333333333,1.8991892774526993,1.071445920437179,0.1,0.1
6.166666666666667,1.9841294148627864,1.495121842462837,0.1,0.1
6.2,1.8427809812977884,1.5726703891254636,0.1,0.1
6.233333333333333,1.6238002205018127,1.6969376111605314,0.1,0.1
6.266666666666667,1.6812878298126228,1.8124380102016384,0.1,0.1
6.3,1.460315008140788,1.843842167900362,0.1,0.1
6.333333333333333,1.5133322202544053,1.964575173386783,0.1,0.1
6.366666666666666,1.3891383016350654,1.9502291890837378,0.1,0.1
6.4,1.3001940885279177,2.279167433539133,0.1,0.1
6.433333333333334,1.0317139147472,2.1717897072126053,0.1,0.1
6.466666666666667,1.0978369481304644,2.1050678375874785,0.1,0.1
6.5,0.7368230757817043,2.139716866840482,0.1,0.1
6.533333333333333,1.0424009387707722,2.13953187864748,0.1,0.1
6.566666666666666,0.8730974717809804,2.488174067346893,0.1,0.1
6.6,0.714761002815934,2.1626627548516306,0.1,0.1
6.633333333333333,0.7159594615156674,2.137493232107293,0.1,0.1
6.666666666666667,0.7204889127877312,2.3047095570568916,0.1,0.1
6.7,0.6278409517470499,2.2670345076445355,0.1,0.1
6.733333333333333,0.5898818834134474,2.3969447121482474,0.1,0.1
6.766666666666667,0.43428049399547575,2.4553725166977576,0.1,0.1
6.8,0.7383054737723118,2.3692222538005576,0.1,0.1
6.833333333333333,0.4050915695655738,2.4820470864373108,0.1,0.1
6.866666666666666,0.3401202263999784,2.5426843663553926,0.1,0.1
6.8999999999999995,0.38981198133798384,2.326838407694144,0.1,0.1
6.933333333333334,0.3283066338767806,2.255190923657211,0.1,0.1
6.966666666666667,0.26332944820924037,2.42175145007497,0.1,0.1
7.0,0.253847870377261,2.3441797657973025,0.1,0.1
7.033333333333333,0.40619110789954105,2.418800851376199,0.1,0.1
7.066666666666666,0.3774419952036014,2.262149904087503,0.1,0.1
7.1,0.2619097239428788,2.2048844233105016,0.1,0.1
7.133333333333333,0.29189355314016024,2.275433879487619,0.1,0.1
7.166666666666667,0.16794557553099856,2.2920969914766296,0.1,0.1
7.2,0.3755302865285165,2.469181790008674,0.1,0.1
7.233333333333333,0.30673936792325335,2.2939743468572917,0.1,0.1
7.266666666666667,0.21726039773172906,2.352196475361291,0.1,0.1
7.3,0.1673448030391205,2.310803830677852,0.1,0.1
7.333333333333333,0.24465899946793584,2.340284689329459,0.1,0.1
7.366666666666666,-0.008173166848844365,2.458914153493224,0.1,0.1
7.3999999999999995,0.15631331061205173,2.3682118604124835,0.1,0.1
7.433333333333334,0.38565894409280554,2.542827798204597,0.1,0.1
7.466666666666667,0.23588506801702772,2.5934887311240447,0.1,0.1
7.5,0.04387911904429523,2.1727660583492354,0.1,0.1
7.533333333333333,0.2760785040357471,2.2798318204889365,0.1,0.1
7.566666666666666,0.25792931152783555,2.39484670185881,0.1,0.1
7.6,0.3814853599631577,2.51738226230644,0.1,0.1
7.633333333333333,0.2967998507167078,2.4552212921516734,0.1,0.1
7.666666666666667,0.13839023768488404,2.4780538608393274,0.1,0.1
7.7,0.26534567432928674,2.442958176795163,0.1,0.1
7.733333333333333,0.31005200494164886,2.4179727465259613,0.1,0.1
7.766666666666667,0.33224211985056945,2.365959391610668,0.1,0.1
7.8,0.15606840819326886,2.3362305417807923,0.1,0.1
7.833333333333333,0.3143231101051899,2.3923335725738193,0.1,0.1
7.866666666666666,0.38067874208588426,2.4302580815562598,0.1,0.1
7.8999999999999995,0.3231409550560166,2.4384395339089426,0.1,0.1
7.933333333333334,0.4069265778607227,2.3572463051403147,0.1,0.1
7.966666666666667,0.3658842885228315,2.3119365523302084,0.1,0.1
8.0,0.5665931337841763,2.360319221146562,0.1,0.1
8.033333333333333,0.5629352665439361,2.2657723399177474,0.1,0.1
8.066666666666666,0.49889952075225646,2.3260250213147815,0.1,0.1
8.1,0.618080278840997,2.316383347073933,0.1,0.1
8.133333333333333,0.5696412970826845,2.233717581405592,0.1,0.1
8.166666666666666,0.6746369864669657,2.2860143272932296,0.1,0.1
8.2,0.7292940355240393,2.2481326860476294,0.1,0.1
8.233333333333333,0.7896969894944559,2.208096272223343,0.1,0.1
8.266666666666666,0.8726400727498401,2.0370623225874835,0.1,0.1
8.3,1.0286699877213705,2.153692932691079,0.1,0.1
8.333333333333334,1.1784518675061244,2.060601514406507,0.1,0.1
8.366666666666667,1.163636853613054,2.1883786308684283,0.1,0.1
8.4,1.1160560800095591,1.9119992686094647,0.1,0.1
8.433333333333334,1.4232899283822336,1.9751183065329885,0.1,0.1
8.466666666666667,1.413041531600136,1.9458663273919745,0.1,0.1
8.5,1.69408136519189,1.876175853580066,0.1,0.1
8.533333333333333,1.6686259871647868,1.7964659033204662,0.1,0.1
8.566666666666666,1.8367415461665022,1.6684960411281367,0.1,0.1
8.6,1.9482923481812582,1.471275439688786,0.1,0.1
8.633333333333333,1.9378718897345262,1.221900918961695,0.1,0.1
8.666666666666666,2.058493064458713,1.2370351790105776,0.1,0.1
8.7,2.2654640123322727,0.8682546667248586,0.1,0.1
8.733333333333333,2.2891926830493587,0.7989409652096371,0.1,0.1
8.766666666666666,2.3936714901390532,0.556003788575215,0.1,0.1
8.8,2.4499420524284945,0.20915921156217554,0.1,0.1
8.833333333333334,2.359694814923624,-0.14804314330239207,0.1,0.1
8.866666666666667,2.588002599103179,-0.10680005844185328,0.1,0.1
8.9,2.3266924647283775,-0.7086984974406801,0.1,0.1
8.933333333333334,2.2755080714047713,-0.8345634463838537,0.1,0.1
8.966666666666667,2.2204459445829765,-1.1006177738478173,0.1,0.1
9.0,1.791840327268808,-1.4324551504796053,0.1,0.1
9.033333333333333,1.558511358911499,-1.8927625820771703,0.1,0.1
9.066666666666666,1.471356549111675,-2.0875540309295486,0.1,0.1
9.1,0.8736950587330052,-2.4831301952799003,0.1,0.1
9.133333333333333,0.5812885294034611,-2.255088685247315,0.1,0.1
9.166666666666666,0.32307628886387507,-2.1663429209742815,0.1,0.1
9.2,-0.3207448769918732,-2.369438734418517,0.1,0.1
9.233333333333333,-0.4993899494386616,-2.3273009625827514,0.1,0.1
9.266666666666666,-0.7749349760896651,-2.3180872928975447,0.1,0.1
9.3,-1.3442721554333552,-1.8461684419477853,0.1,0.1
9.333333333333334,-1.5339757704592496,-1.9461279061001304,0.1,0.1
9.366666666666667,-1.6306769421586553,-1.54919200205075,0.1,0.1
9.4,-2.2041448998363533,-1.2514855479432745,0.1,0.1
9.433333333333334,-2.2323955111817213,-0.9919003813319932,0.1,0.1
9.466666666666667,-2.262606951825632,-0.7776886740415,0.1,0.1
9.5,-2.4294003466783898,-0.3145209820163075,0.1,0.1
9.533333333333333,-2.54982798307477,-0.13548251446382958,0.1,0.1
9.566666666666666,-2.3196771920624752,0.2602706298708168,0.1,0.1
9.6,-2.567654678204901,0.411282239003962,0.1,0.1
9.633333333333333,-2.2131210197386126,0.7182030605953087,0.1,0.1
9.666666666666666,-2.3417769297762967,0.7994491308219767,0.1,0.1
9.7,-1.9892631093165964,0.9183043381366252,0.1,0.1
9.733333333333333,-1.949704711113559,1.3549685688305522,0.1,0.1
9.766666666666666,-1.9684569787015256,1.5526321818862894,0.1,0.1
9.8,-1.7404175109441142,1.4764717726410053,0.1,0.1
9.833333333333334,-1.5965736041474763,1.8167450971741745,0.1,0.1
9.866666666666667,-1.3959829527005883,1.6527029787796736,0.1,0.1
9.9,-1.2388092991732713,1.7933874035064605,0.1,0.1
9.933333333333334,-1.6605786991641525,1.7800799002080527,0.1,0.1
9.966666666666667,-1.1880169191005818,1.9945174565202244,0.1,0.1
